Bulletin_Nr,Week,Wochenbeginn,Wochenende,Year,PopCity,PopCanton,Deaths,Deaths1000,Influenza_Stadt,IncCIty1000,Influenza_Kanton,IncCanton1000,Andere_Infekt,Total_Aufnahmen,HospInf1000,HospTot1000
1,1,26.12.09,01.01.10,1910,189065,503915,48,0.25,,,,,1,117,0,0.23
2,2,02.01.10,08.01.10,1910,189065,503915,52,0.28,,,,,2,214,0,0.42
3,3,09.01.10,15.01.10,1910,189065,503915,49,0.26,,,,,1,158,0,0.31
4,4,16.01.10,22.01.10,1910,189065,503915,53,0.28,,,,,3,203,0.01,0.4
5,5,23.01.10,29.01.10,1910,189065,503915,58,0.31,,,,,3,187,0.01,0.37
6,6,30.01.10,05.02.10,1910,189065,503915,65,0.34,,,,,1,179,0,0.36
7,7,06.02.10,12.02.10,1910,189065,503915,40,0.21,,,,,1,176,0,0.35
8,8,13.02.10,19.02.10,1910,189065,503915,40,0.21,,,,,2,195,0,0.39
9,9,20.02.10,26.02.10,1910,189065,503915,57,0.3,,,,,1,186,0,0.37
10,10,27.02.10,05.03.10,1910,189065,503915,67,0.35,,,,,1,196,0,0.39
11,11,06.03.10,12.03.10,1910,189065,503915,66,0.35,,,,,3,220,0.01,0.44
12,12,13.03.10,19.03.10,1910,189065,503915,60,0.32,,,,,1,209,0,0.41
13,13,20.03.10,26.03.10,1910,189065,503915,65,0.34,,,,,2,163,0,0.32
14,14,27.03.10,02.04.10,1910,189065,503915,65,0.34,,,,,2,218,0,0.43
15,15,03.04.10,09.04.10,1910,189065,503915,73,0.39,,,,,2,201,0,0.4
16,16,10.04.10,16.04.10,1910,189065,503915,65,0.34,,,,,4,222,0.01,0.44
17,17,17.04.10,23.04.10,1910,189065,503915,45,0.24,,,,,1,203,0,0.4
18,18,24.04.10,30.04.10,1910,189065,503915,50,0.26,,,,,1,204,0,0.4
19,19,01.05.10,07.05.10,1910,189065,503915,62,0.33,,,,,3,152,0.01,0.3
20,20,08.05.10,14.05.10,1910,189065,503915,48,0.25,,,,,0,208,0,0.41
21,21,15.05.10,21.05.10,1910,189065,503915,74,0.39,,,,,2,190,0,0.38
22,22,22.05.10,28.05.10,1910,189065,503915,59,0.31,,,,,2,215,0,0.43
23,23,29.05.10,04.06.10,1910,189065,503915,59,0.31,,,,,4,213,0.01,0.42
24,24,05.06.10,11.06.10,1910,189065,503915,36,0.19,,,,,3,204,0.01,0.4
25,25,12.06.10,18.06.10,1910,189065,503915,46,0.24,,,,,8,210,0.02,0.42
26,26,19.06.10,25.06.10,1910,189065,503915,54,0.29,,,,,1,174,0,0.35
27,27,26.06.10,02.07.10,1910,189065,503915,39,0.21,,,,,0,191,0,0.38
28,28,03.07.10,09.07.10,1910,189065,503915,56,0.3,,,,,1,181,0,0.36
29,29,10.07.10,16.07.10,1910,189065,503915,47,0.25,,,,,0,211,0,0.42
30,30,17.07.10,23.07.10,1910,189065,503915,56,0.3,,,,,1,194,0,0.38
31,31,24.07.10,30.07.10,1910,189065,503915,57,0.3,,,,,0,188,0,0.37
32,32,31.07.10,06.08.10,1910,189065,503915,37,0.2,,,,,4,182,0.01,0.36
33,33,07.08.10,13.08.10,1910,189065,503915,55,0.29,,,,,1,166,0,0.33
34,34,14.08.10,20.08.10,1910,189065,503915,43,0.23,,,,,3,185,0.01,0.37
35,35,21.08.10,27.08.10,1910,189065,503915,40,0.21,,,,,0,185,0,0.37
36,36,28.08.10,03.09.10,1910,189065,503915,43,0.23,,,,,3,180,0.01,0.36
37,37,04.09.10,10.09.10,1910,189065,503915,46,0.24,,,,,4,180,0.01,0.36
38,38,11.09.10,17.09.10,1910,189065,503915,50,0.26,,,,,4,219,0.01,0.43
39,39,18.09.10,24.09.10,1910,189065,503915,36,0.19,,,,,0,312,0,0.62
40,40,25.09.10,01.10.10,1910,189065,503915,52,0.28,,,,,2,188,0,0.37
41,41,02.10.10,08.10.10,1910,189065,503915,37,0.2,,,,,0,193,0,0.38
42,42,09.10.10,15.10.10,1910,189065,503915,47,0.25,,,,,1,211,0,0.42
43,43,16.10.10,22.10.10,1910,189065,503915,50,0.26,,,,,6,186,0.01,0.37
44,44,23.10.10,29.10.10,1910,189065,503915,29,0.15,,,,,1,183,0,0.36
45,45,30.10.10,05.11.10,1910,189065,503915,49,0.26,,,,,4,206,0.01,0.41
46,46,06.11.10,12.11.10,1910,189065,503915,51,0.27,,,,,1,191,0,0.38
47,47,13.11.10,19.11.10,1910,189065,503915,33,0.17,,,,,3,202,0.01,0.4
48,48,20.11.10,26.11.10,1910,189065,503915,55,0.29,,,,,4,213,0.01,0.42
49,49,27.11.10,03.12.10,1910,189065,503915,45,0.24,,,,,6,245,0.01,0.49
50,50,04.12.10,10.12.10,1910,189065,503915,58,0.31,,,,,4,203,0.01,0.4
51,51,11.12.10,17.12.10,1910,189065,503915,59,0.31,,,,,4,200,0.01,0.4
52,52,18.12.10,24.12.10,1910,189065,503915,52,0.28,,,,,4,169,0.01,0.34
1,53,25.12.10,31.12.10,1910,189065,503915,73,0.39,,,,,5,157,0.01,0.31
2,54,01.01.11,07.01.11,1911,192870,510600,57,0.3,,,,,3,205,0.01,0.4
3,55,08.01.11,14.01.11,1911,192870,510600,67,0.35,,,,,8,224,0.02,0.44
4,56,15.01.11,21.01.11,1911,192870,510600,92,0.48,,,,,10,240,0.02,0.47
5,57,22.01.11,28.01.11,1911,192870,510600,78,0.4,,,,,5,221,0.01,0.43
6,58,29.01.11,04.02.11,1911,192870,510600,63,0.33,,,,,8,203,0.02,0.4
7,59,05.02.11,11.02.11,1911,192870,510600,67,0.35,,,,,15,252,0.03,0.49
8,60,12.02.11,18.02.11,1911,192870,510600,65,0.34,,,,,4,210,0.01,0.41
9,61,19.02.11,25.02.11,1911,192870,510600,71,0.37,,,,,5,206,0.01,0.4
10,62,26.02.11,04.03.11,1911,192870,510600,56,0.29,,,,,4,223,0.01,0.44
11,63,05.03.11,11.03.11,1911,192870,510600,47,0.24,,,,,3,225,0.01,0.44
12,64,12.03.11,18.03.11,1911,192870,510600,64,0.33,,,,,3,224,0.01,0.44
13,65,19.03.11,25.03.11,1911,192870,510600,69,0.36,,,,,5,219,0.01,0.43
14,66,26.03.11,01.04.11,1911,192870,510600,48,0.25,,,,,13,201,0.03,0.39
15,67,02.04.11,08.04.11,1911,192870,510600,51,0.26,,,,,14,220,0.03,0.43
16,68,09.04.11,15.04.11,1911,192870,510600,48,0.25,,,,,13,186,0.03,0.36
17,69,16.04.11,22.04.11,1911,192870,510600,49,0.25,,,,,12,263,0.02,0.52
18,70,23.04.11,29.04.11,1911,192870,510600,53,0.27,,,,,12,270,0.02,0.53
19,71,30.04.11,06.05.11,1911,192870,510600,57,0.3,,,,,14,229,0.03,0.45
20,72,07.05.11,13.05.11,1911,192870,510600,57,0.3,,,,,7,218,0.01,0.43
21,73,14.05.11,20.05.11,1911,192870,510600,50,0.26,,,,,11,249,0.02,0.49
22,74,21.05.11,27.05.11,1911,192870,510600,48,0.25,,,,,10,205,0.02,0.4
23,75,28.05.11,03.06.11,1911,192870,510600,49,0.25,,,,,9,219,0.02,0.43
24,76,04.06.11,10.06.11,1911,192870,510600,47,0.24,,,,,8,216,0.02,0.42
25,77,11.06.11,17.06.11,1911,192870,510600,41,0.21,,,,,11,227,0.02,0.44
26,78,18.06.11,24.06.11,1911,192870,510600,51,0.26,,,,,6,244,0.01,0.48
27,79,25.06.11,01.07.11,1911,192870,510600,36,0.19,,,,,1,220,0,0.43
28,80,02.07.11,08.07.11,1911,192870,510600,46,0.24,,,,,2,229,0,0.45
29,81,09.07.11,15.07.11,1911,192870,510600,46,0.24,,,,,1,251,0,0.49
30,82,16.07.11,22.07.11,1911,192870,510600,57,0.3,,,,,1,242,0,0.47
31,83,23.07.11,29.07.11,1911,192870,510600,68,0.35,,,,,1,234,0,0.46
32,84,30.07.11,05.08.11,1911,192870,510600,74,0.38,,,,,4,227,0.01,0.44
33,85,06.08.11,12.08.11,1911,192870,510600,51,0.26,,,,,7,249,0.01,0.49
34,86,13.08.11,19.08.11,1911,192870,510600,55,0.29,,,,,0,242,0,0.47
35,87,20.08.11,26.08.11,1911,192870,510600,47,0.24,,,,,2,241,0,0.47
36,88,27.08.11,02.09.11,1911,192870,510600,55,0.29,,,,,4,254,0.01,0.5
37,89,03.09.11,09.09.11,1911,192870,510600,55,0.29,,,,,4,268,0.01,0.52
38,90,10.09.11,16.09.11,1911,192870,510600,39,0.2,,,,,0,257,0,0.5
39,91,17.09.11,23.09.11,1911,192870,510600,46,0.24,,,,,2,257,0,0.5
40,92,24.09.11,30.09.11,1911,192870,510600,46,0.24,,,,,1,251,0,0.49
41,93,01.10.11,07.10.11,1911,192870,510600,87,0.45,,,,,1,314,0,0.61
42,94,08.10.11,14.10.11,1911,192870,510600,49,0.25,,,,,1,266,0,0.52
43,95,15.10.11,21.10.11,1911,192870,510600,46,0.24,,,,,2,243,0,0.48
44,96,22.10.11,28.10.11,1911,192870,510600,45,0.23,,,,,4,226,0.01,0.44
45,97,29.10.11,04.11.11,1911,192870,510600,54,0.28,,,,,4,229,0.01,0.45
46,98,05.11.11,11.11.11,1911,192870,510600,49,0.25,,,,,2,241,0,0.47
47,99,12.11.11,18.11.11,1911,192870,510600,43,0.22,,,,,5,213,0.01,0.42
48,100,19.11.11,25.11.11,1911,192870,510600,53,0.27,,,,,6,264,0.01,0.52
49,101,26.11.11,02.12.11,1911,192870,510600,43,0.22,,,,,6,218,0.01,0.43
50,102,03.12.11,09.12.11,1911,192870,510600,66,0.34,,,,,0,241,0,0.47
51,103,10.12.11,16.12.11,1911,192870,510600,62,0.32,,,,,1,212,0,0.42
52,104,17.12.11,23.12.11,1911,192870,510600,53,0.27,,,,,7,173,0.01,0.34
1,105,24.12.11,30.12.11,1911,192870,510600,56,0.29,,,,,1,157,0,0.31
2,106,31.12.11,06.01.12,1911,192870,510600,61,0.32,,,,,3,200,0.01,0.39
3,107,07.01.12,13.01.12,1912,198600,514300,51,0.26,,,,,4,270,0.01,0.52
4,108,14.01.12,20.01.12,1912,198600,514300,50,0.25,,,,,2,246,0,0.48
5,109,21.01.12,27.01.12,1912,198600,514300,51,0.26,,,,,3,270,0.01,0.52
6,110,28.01.12,03.02.12,1912,198600,514300,55,0.28,,,,,13,257,0.03,0.5
7,111,04.02.12,10.02.12,1912,198600,514300,66,0.33,,,,,4,257,0.01,0.5
8,112,11.02.12,17.02.12,1912,198600,514300,64,0.32,,,,,14,246,0.03,0.48
9,113,18.02.12,24.02.12,1912,198600,514300,68,0.34,,,,,13,255,0.03,0.5
10,114,25.02.12,02.03.12,1912,198600,514300,55,0.28,,,,,15,275,0.03,0.53
11,115,03.03.12,09.03.12,1912,198600,514300,55,0.28,,,,,4,154,0.01,0.3
12,116,10.03.12,16.03.12,1912,198600,514300,64,0.32,,,,,12,254,0.02,0.49
13,117,17.03.12,23.03.12,1912,198600,514300,62,0.31,,,,,8,233,0.02,0.45
14,118,24.03.12,30.03.12,1912,198600,514300,57,0.29,,,,,8,239,0.02,0.46
15,119,31.03.12,06.04.12,1912,198600,514300,53,0.27,,,,,6,204,0.01,0.4
16,120,07.04.12,13.04.12,1912,198600,514300,57,0.29,,,,,9,252,0.02,0.49
17,121,14.04.12,20.04.12,1912,198600,514300,55,0.28,,,,,13,249,0.03,0.48
18,122,21.04.12,27.04.12,1912,198600,514300,53,0.27,,,,,3,223,0.01,0.43
19,123,28.04.12,04.05.12,1912,198600,514300,54,0.27,,,,,8,290,0.02,0.56
20,124,05.05.12,11.05.12,1912,198600,514300,56,0.28,,,,,4,229,0.01,0.45
21,125,12.05.12,18.05.12,1912,198600,514300,69,0.35,,,,,4,203,0.01,0.39
22,126,19.05.12,25.05.12,1912,198600,514300,64,0.32,,,,,9,224,0.02,0.44
23,127,26.05.12,01.06.12,1912,198600,514300,41,0.21,,,,,3,207,0.01,0.4
24,128,02.06.12,08.06.12,1912,198600,514300,50,0.25,,,,,5,259,0.01,0.5
25,129,09.06.12,15.06.12,1912,198600,514300,49,0.25,,,,,4,216,0.01,0.42
26,130,16.06.12,22.06.12,1912,198600,514300,45,0.23,,,,,6,211,0.01,0.41
27,131,23.06.12,29.06.12,1912,198600,514300,64,0.32,,,,,3,225,0.01,0.44
28,132,30.06.12,06.07.12,1912,198600,514300,32,0.16,,,,,3,221,0.01,0.43
29,133,07.07.12,13.07.12,1912,198600,514300,66,0.33,,,,,3,210,0.01,0.41
30,134,14.07.12,20.07.12,1912,198600,514300,43,0.22,,,,,2,261,0,0.51
31,135,21.07.12,27.07.12,1912,198600,514300,46,0.23,,,,,3,199,0.01,0.39
32,136,28.07.12,03.08.12,1912,198600,514300,47,0.24,,,,,7,212,0.01,0.41
33,137,04.08.12,10.08.12,1912,198600,514300,39,0.2,,,,,4,191,0.01,0.37
34,138,11.08.12,17.08.12,1912,198600,514300,41,0.21,,,,,5,198,0.01,0.38
35,139,18.08.12,24.08.12,1912,198600,514300,40,0.2,,,,,5,216,0.01,0.42
36,140,25.08.12,31.08.12,1912,198600,514300,49,0.25,,,,,5,221,0.01,0.43
37,141,01.09.12,07.09.12,1912,198600,514300,32,0.16,,,,,5,259,0.01,0.5
38,142,08.09.12,14.09.12,1912,198600,514300,49,0.25,,,,,5,232,0.01,0.45
39,143,15.09.12,21.09.12,1912,198600,514300,39,0.2,,,,,9,256,0.02,0.5
40,144,22.09.12,28.09.12,1912,198600,514300,53,0.27,,,,,2,215,0,0.42
41,145,29.09.12,05.10.12,1912,198600,514300,73,0.37,,,,,0,105,0,0.2
42,146,06.10.12,12.10.12,1912,198600,514300,50,0.25,,,,,5,237,0.01,0.46
43,147,13.10.12,19.10.12,1912,198600,514300,41,0.21,,,,,4,230,0.01,0.45
44,148,20.10.12,26.10.12,1912,198600,514300,50,0.25,,,,,4,194,0.01,0.38
45,149,27.10.12,02.11.12,1912,198600,514300,55,0.28,,,,,16,183,0.03,0.36
46,150,03.11.12,09.11.12,1912,198600,514300,65,0.33,,,,,15,233,0.03,0.45
47,151,10.11.12,16.11.12,1912,198600,514300,40,0.2,,,,,14,193,0.03,0.38
48,152,17.11.12,23.11.12,1912,198600,514300,68,0.34,,,,,7,200,0.01,0.39
49,153,24.11.12,30.11.12,1912,198600,514300,49,0.25,,,,,15,212,0.03,0.41
50,154,01.12.12,07.12.12,1912,198600,514300,59,0.3,,,,,16,199,0.03,0.39
51,155,08.12.12,14.12.12,1912,198600,514300,52,0.26,,,,,20,231,0.04,0.45
52,156,15.12.12,21.12.12,1912,198600,514300,62,0.31,,,,,10,198,0.02,0.38
53,157,22.12.12,28.12.12,1912,198600,514300,56,0.28,,,,,13,163,0.03,0.32
1,158,29.12.12,04.01.13,1912,198600,514300,65,0.33,,,,,12,192,0.02,0.37
2,159,05.01.13,11.01.13,1913,201000,521300,56,0.28,,,,,13,254,0.02,0.49
3,160,12.01.13,18.01.13,1913,201000,521300,54,0.27,,,,,16,244,0.03,0.47
4,161,19.01.13,25.01.13,1913,201000,521300,62,0.31,,,,,20,249,0.04,0.48
5,162,26.01.13,01.02.13,1913,201000,521300,50,0.25,,,,,8,239,0.02,0.46
6,163,02.02.13,08.02.13,1913,201000,521300,72,0.36,,,,,3,225,0.01,0.43
7,164,09.02.13,15.02.13,1913,201000,521300,51,0.25,,,,,9,243,0.02,0.47
8,165,16.02.13,22.02.13,1913,201000,521300,50,0.25,,,,,1,246,0,0.47
9,166,23.02.13,01.03.13,1913,201000,521300,62,0.31,,,,,21,263,0.04,0.5
10,167,02.03.13,08.03.13,1913,201000,521300,70,0.35,,,,,9,261,0.02,0.5
11,168,09.03.13,15.03.13,1913,201000,521300,70,0.35,,,,,6,268,0.01,0.51
12,169,16.03.13,22.03.13,1913,201000,521300,64,0.32,,,,,6,240,0.01,0.46
13,170,23.03.13,29.03.13,1913,201000,521300,62,0.31,,,,,8,255,0.02,0.49
14,171,30.03.13,05.04.13,1913,201000,521300,54,0.27,,,,,8,261,0.02,0.5
15,172,06.04.13,12.04.13,1913,201000,521300,80,0.4,,,,,15,259,0.03,0.5
16,173,13.04.13,19.04.13,1913,201000,521300,58,0.29,,,,,11,250,0.02,0.48
17,174,20.04.13,26.04.13,1913,201000,521300,62,0.31,,,,,20,258,0.04,0.49
18,175,27.04.13,03.05.13,1913,201000,521300,59,0.29,,,,,19,276,0.04,0.53
19,176,04.05.13,10.05.13,1913,201000,521300,51,0.25,,,,,13,222,0.02,0.43
20,177,11.05.13,17.05.13,1913,201000,521300,54,0.27,,,,,9,238,0.02,0.46
21,178,18.05.13,24.05.13,1913,201000,521300,55,0.27,,,,,10,254,0.02,0.49
22,179,25.05.13,31.05.13,1913,201000,521300,71,0.35,,,,,12,289,0.02,0.55
23,180,01.06.13,07.06.13,1913,201000,521300,48,0.24,,,,,12,266,0.02,0.51
24,181,08.06.13,14.06.13,1913,201000,521300,52,0.26,,,,,9,256,0.02,0.49
25,182,15.06.13,21.06.13,1913,201000,521300,56,0.28,,,,,11,216,0.02,0.41
26,183,22.06.13,28.06.13,1913,201000,521300,50,0.25,,,,,3,267,0.01,0.51
27,184,29.06.13,05.07.13,1913,201000,521300,63,0.31,,,,,11,276,0.02,0.53
28,185,06.07.13,12.07.13,1913,201000,521300,46,0.23,,,,,7,259,0.01,0.5
29,186,13.07.13,19.07.13,1913,201000,521300,52,0.26,,,,,14,260,0.03,0.5
30,187,20.07.13,26.07.13,1913,201000,521300,45,0.22,,,,,5,240,0.01,0.46
31,188,27.07.13,02.08.13,1913,201000,521300,39,0.19,,,,,4,201,0.01,0.39
32,189,03.08.13,09.08.13,1913,201000,521300,52,0.26,,,,,1,215,0,0.41
33,190,10.08.13,16.08.13,1913,201000,521300,40,0.2,,,,,2,181,0,0.35
34,191,17.08.13,23.08.13,1913,201000,521300,59,0.29,,,,,7,181,0.01,0.35
35,192,24.08.13,30.08.13,1913,201000,521300,45,0.22,,,,,8,245,0.02,0.47
36,193,31.08.13,06.09.13,1913,201000,521300,41,0.2,,,,,6,245,0.01,0.47
37,194,07.09.13,13.09.13,1913,201000,521300,43,0.21,,,,,13,202,0.02,0.39
38,195,14.09.13,20.09.13,1913,201000,521300,43,0.21,,,,,7,226,0.01,0.43
39,196,21.09.13,27.09.13,1913,201000,521300,42,0.21,,,,,5,203,0.01,0.39
40,197,28.09.13,04.10.13,1913,201000,521300,50,0.25,,,,,6,232,0.01,0.45
41,198,05.10.13,11.10.13,1913,201000,521300,38,0.19,,,,,15,261,0.03,0.5
42,199,12.10.13,18.10.13,1913,201000,521300,50,0.25,,,,,9,299,0.02,0.57
43,200,19.10.13,25.10.13,1913,201000,521300,34,0.17,,,,,12,248,0.02,0.48
44,201,26.10.13,01.11.13,1913,201000,521300,45,0.22,,,,,7,218,0.01,0.42
45,202,02.11.13,08.11.13,1913,201000,521300,40,0.2,,,,,8,238,0.02,0.46
46,203,09.11.13,15.11.13,1913,201000,521300,43,0.21,,,,,6,213,0.01,0.41
47,204,16.11.13,22.11.13,1913,201000,521300,46,0.23,,,,,6,228,0.01,0.44
48,205,23.11.13,29.11.13,1913,201000,521300,41,0.2,,,,,6,220,0.01,0.42
49,206,30.11.13,06.12.13,1913,201000,521300,48,0.24,,,,,6,219,0.01,0.42
50,207,07.12.13,13.12.13,1913,201000,521300,34,0.17,,,,,7,233,0.01,0.45
51,208,14.12.13,20.12.13,1913,201000,521300,52,0.26,,,,,5,202,0.01,0.39
52,209,21.12.13,27.12.13,1913,201000,521300,43,0.21,,,,,6,151,0.01,0.29
1,210,28.12.13,03.01.14,1913,201000,521300,59,0.29,,,,,8,213,0.02,0.41
2,211,04.01.14,10.01.14,1914,200200,527000,62,0.31,,,,,6,282,0.01,0.54
3,212,11.01.14,17.01.14,1914,200200,527000,57,0.28,,,,,9,214,0.02,0.41
4,213,18.01.14,24.01.14,1914,200200,527000,64,0.32,,,,,7,226,0.01,0.43
5,214,25.01.14,31.01.14,1914,200200,527000,53,0.26,,,,,9,223,0.02,0.42
6,215,01.02.14,07.02.14,1914,200200,527000,51,0.25,,,,,9,239,0.02,0.45
7,216,08.02.14,14.02.14,1914,200200,527000,54,0.27,,,,,13,259,0.02,0.49
8,217,15.02.14,21.02.14,1914,200200,527000,74,0.37,,,,,11,244,0.02,0.46
9,218,22.02.14,28.02.14,1914,200200,527000,74,0.37,,,,,14,230,0.03,0.44
10,219,01.03.14,07.03.14,1914,200200,527000,56,0.28,,,,,10,270,0.02,0.51
11,220,08.03.14,14.03.14,1914,200200,527000,54,0.27,,,,,4,246,0.01,0.47
12,221,15.03.14,21.03.14,1914,200200,527000,51,0.25,,,,,13,276,0.02,0.52
13,222,22.03.14,28.03.14,1914,200200,527000,61,0.3,,,,,10,248,0.02,0.47
14,223,29.03.14,04.04.14,1914,200200,527000,59,0.29,,,,,9,268,0.02,0.51
15,224,05.04.14,11.04.14,1914,200200,527000,60,0.3,,,,,7,211,0.01,0.4
16,225,12.04.14,18.04.14,1914,200200,527000,57,0.28,,,,,8,255,0.02,0.48
17,226,19.04.14,25.04.14,1914,200200,527000,59,0.29,,,,,5,252,0.01,0.48
18,227,26.04.14,02.05.14,1914,200200,527000,47,0.23,,,,,5,248,0.01,0.47
19,228,03.05.14,09.05.14,1914,200200,527000,56,0.28,,,,,3,260,0.01,0.49
20,229,10.05.14,16.05.14,1914,200200,527000,56,0.28,,,,,2,282,0,0.54
21,230,17.05.14,23.05.14,1914,200200,527000,59,0.29,,,,,2,252,0,0.48
22,231,24.05.14,30.05.14,1914,200200,527000,43,0.21,,,,,4,245,0.01,0.46
23,232,31.05.14,06.06.14,1914,200200,527000,67,0.33,,,,,2,232,0,0.44
24,233,07.06.14,13.06.14,1914,200200,527000,48,0.24,,,,,2,235,0,0.45
25,234,14.06.14,20.06.14,1914,200200,527000,45,0.22,,,,,7,278,0.01,0.53
26,235,21.06.14,27.06.14,1914,200200,527000,45,0.22,,,,,4,201,0.01,0.38
27,236,28.06.14,04.07.14,1914,200200,527000,52,0.26,,,,,4,278,0.01,0.53
28,237,05.07.14,11.07.14,1914,200200,527000,48,0.24,,,,,4,249,0.01,0.47
29,238,12.07.14,18.07.14,1914,200200,527000,56,0.28,,,,,4,234,0.01,0.44
30,239,19.07.14,25.07.14,1914,200200,527000,45,0.22,,,,,,,,
31,240,26.07.14,01.08.14,1914,200200,527000,36,0.18,,,,,,,,
32,241,02.08.14,08.08.14,1914,200200,527000,42,0.21,,,,,,,,
33,242,09.08.14,15.08.14,1914,200200,527000,48,0.24,,,,,,,,
34,243,16.08.14,22.08.14,1914,200200,527000,40,0.2,,,,,,,,
35,244,23.08.14,29.08.14,1914,200200,527000,38,0.19,,,,,,,,
36,245,30.08.14,05.09.14,1914,200200,527000,44,0.22,,,,,,,,
37,246,06.09.14,12.09.14,1914,200200,527000,40,0.2,,,,,,,,
38,247,13.09.14,19.09.14,1914,200200,527000,41,0.2,,,,,,,,
39,248,20.09.14,26.09.14,1914,200200,527000,38,0.19,,,,,,,,
40,249,27.09.14,03.10.14,1914,200200,527000,51,0.25,,,,,,,,
41,250,04.10.14,10.10.14,1914,200200,527000,41,0.2,,,,,,,,
42,251,11.10.14,17.10.14,1914,200200,527000,37,0.18,,,,,,,,
43,252,18.10.14,24.10.14,1914,200200,527000,47,0.23,,,,,,,,
44,253,25.10.14,31.10.14,1914,200200,527000,58,0.29,,,,,,,,
45,254,01.11.14,07.11.14,1914,200200,527000,33,0.16,,,,,,,,
46,255,08.11.14,14.11.14,1914,200200,527000,35,0.17,,,,,,,,
47,256,15.11.14,21.11.14,1914,200200,527000,42,0.21,,,,,,,,
48,257,22.11.14,28.11.14,1914,200200,527000,43,0.21,,,,,,,,
49,258,29.11.14,05.12.14,1914,200200,527000,45,0.22,,,,,,,,
50,259,06.12.14,12.12.14,1914,200200,527000,57,0.28,,,,,,,,
51,260,13.12.14,19.12.14,1914,200200,527000,37,0.18,,,,,,,,
52,261,20.12.14,26.12.14,1914,200200,527000,42,0.21,,,,,9,165,0.02,0.31
1,262,27.12.14,02.01.15,1914,200200,527000,65,0.32,,,,,14,166,0.03,0.31
2,263,03.01.15,09.01.15,1915,197180,527000,59,0.3,,,,,3,138,0.01,0.26
3,264,10.01.15,16.01.15,1915,197180,527000,59,0.3,,,,,4,266,0.01,0.5
4,265,17.01.15,23.01.15,1915,197180,527000,60,0.3,,,,,5,231,0.01,0.44
5,266,24.01.15,30.01.15,1915,197180,527000,52,0.26,,,,,18,289,0.03,0.55
6,267,31.01.15,06.02.15,1915,197180,527000,51,0.26,,,,,5,268,0.01,0.51
7,268,07.02.15,13.02.15,1915,197180,527000,57,0.29,,,,,6,285,0.01,0.54
8,269,14.02.15,20.02.15,1915,197180,527000,50,0.25,,,,,3,258,0.01,0.49
9,270,21.02.15,27.02.15,1915,197180,527000,41,0.21,,,,,10,270,0.02,0.51
10,271,28.02.15,06.03.15,1915,197180,527000,52,0.26,,,,,9,139,0.02,0.26
11,272,07.03.15,13.03.15,1915,197180,527000,49,0.25,,,,,2,314,0,0.6
12,273,14.03.15,20.03.15,1915,197180,527000,51,0.26,,,,,5,275,0.01,0.52
13,274,21.03.15,27.03.15,1915,197180,527000,48,0.24,,,,,3,306,0.01,0.58
14,275,28.03.15,03.04.15,1915,197180,527000,42,0.21,,,,,2,221,0,0.42
15,276,04.04.15,10.04.15,1915,197180,527000,52,0.26,,,,,6,303,0.01,0.57
16,277,11.04.15,17.04.15,1915,197180,527000,60,0.3,,,,,2,243,0,0.46
17,278,18.04.15,24.04.15,1915,197180,527000,60,0.3,,,,,4,286,0.01,0.54
18,279,25.04.15,01.05.15,1915,197180,527000,50,0.25,,,,,2,247,0,0.47
19,280,02.05.15,08.05.15,1915,197180,527000,58,0.29,,,,,3,264,0.01,0.5
20,281,09.05.15,15.05.15,1915,197180,527000,52,0.26,,,,,2,104,0,0.2
21,282,16.05.15,22.05.15,1915,197180,527000,41,0.21,,,,,1,127,0,0.24
22,283,23.05.15,29.05.15,1915,197180,527000,54,0.27,,,,,2,129,0,0.24
23,284,30.05.15,05.06.15,1915,197180,527000,45,0.23,,,,,3,265,0.01,0.5
24,285,06.06.15,12.06.15,1915,197180,527000,40,0.2,,,,,1,141,0,0.27
25,286,13.06.15,19.06.15,1915,197180,527000,42,0.21,,,,,0,248,0,0.47
26,287,20.06.15,26.06.15,1915,197180,527000,47,0.24,,,,,3,270,0.01,0.51
27,288,27.06.15,03.07.15,1915,197180,527000,36,0.18,,,,,1,275,0,0.52
28,289,04.07.15,10.07.15,1915,197180,527000,47,0.24,,,,,2,266,0,0.5
29,290,11.07.15,17.07.15,1915,197180,527000,44,0.22,,,,,0,244,0,0.46
30,291,18.07.15,24.07.15,1915,197180,527000,46,0.23,,,,,3,242,0.01,0.46
31,292,25.07.15,31.07.15,1915,197180,527000,51,0.26,,,,,0,212,0,0.4
32,293,01.08.15,07.08.15,1915,197180,527000,50,0.25,,,,,1,225,0,0.43
33,294,08.08.15,14.08.15,1915,197180,527000,49,0.25,,,,,2,228,0,0.43
34,295,15.08.15,21.08.15,1915,197180,527000,44,0.22,,,,,2,245,0,0.46
35,296,22.08.15,28.08.15,1915,197180,527000,34,0.17,,,,,5,224,0.01,0.43
36,297,29.08.15,04.09.15,1915,197180,527000,43,0.22,,,,,3,261,0.01,0.5
37,298,05.09.15,11.09.15,1915,197180,527000,40,0.2,,,,,1,235,0,0.45
38,299,12.09.15,18.09.15,1915,197180,527000,34,0.17,,,,,0,250,0,0.47
39,300,19.09.15,25.09.15,1915,197180,527000,42,0.21,,,,,3,289,0.01,0.55
40,301,26.09.15,02.10.15,1915,197180,527000,32,0.16,,,,,0,247,0,0.47
41,302,03.10.15,09.10.15,1915,197180,527000,39,0.2,,,,,4,237,0.01,0.45
42,303,10.10.15,16.10.15,1915,197180,527000,39,0.2,,,,,1,244,0,0.46
43,304,17.10.15,23.10.15,1915,197180,527000,35,0.18,,,,,2,226,0,0.43
44,305,24.10.15,30.10.15,1915,197180,527000,45,0.23,,,,,2,233,0,0.44
45,306,31.10.15,06.11.15,1915,197180,527000,51,0.26,,,,,3,268,0.01,0.51
46,307,07.11.15,13.11.15,1915,197180,527000,53,0.27,,,,,1,241,0,0.46
47,308,14.11.15,20.11.15,1915,197180,527000,35,0.18,,,,,1,237,0,0.45
48,309,21.11.15,27.11.15,1915,197180,527000,43,0.22,,,,,1,247,0,0.47
49,310,28.11.15,04.12.15,1915,197180,527000,45,0.23,,,,,1,260,0,0.49
50,311,05.12.15,11.12.15,1915,197180,527000,40,0.2,,,,,1,267,0,0.51
51,312,12.12.15,18.12.15,1915,197180,527000,42,0.21,,,,,8,240,0.02,0.46
52,313,19.12.15,25.12.15,1915,197180,527000,38,0.19,,,,,0,167,0,0.32
1,314,26.12.15,01.01.16,1915,197180,527000,34,0.17,,,,,6,174,0.01,0.33
2,315,02.01.16,08.01.16,1916,202800,528100,63,0.31,,,,,0,152,0,0.29
3,316,09.01.16,15.01.16,1916,202800,528100,53,0.26,,,,,3,290,0.01,0.55
4,317,16.01.16,22.01.16,1916,202800,528100,63,0.31,,,,,1,315,0,0.6
5,318,23.01.16,29.01.16,1916,202800,528100,47,0.23,,,,,3,284,0.01,0.54
6,319,30.01.16,05.02.16,1916,202800,528100,61,0.3,,,,,4,315,0.01,0.6
7,320,06.02.16,12.02.16,1916,202800,528100,60,0.3,,,,,8,310,0.02,0.59
8,321,13.02.16,19.02.16,1916,202800,528100,56,0.28,,,,,3,303,0.01,0.57
9,322,20.02.16,26.02.16,1916,202800,528100,48,0.24,,,,,1,155,0,0.29
10,323,27.02.16,04.03.16,1916,202800,528100,63,0.31,,,,,17,318,0.03,0.6
11,324,05.03.16,11.03.16,1916,202800,528100,63,0.31,,,,,13,303,0.02,0.57
12,325,12.03.16,18.03.16,1916,202800,528100,68,0.34,,,,,2,322,0,0.61
13,326,19.03.16,25.03.16,1916,202800,528100,64,0.32,,,,,2,314,0,0.59
14,327,26.03.16,01.04.16,1916,202800,528100,63,0.31,,,,,2,291,0,0.55
15,328,02.04.16,08.04.16,1916,202800,528100,54,0.27,,,,,2,269,0,0.51
16,329,09.04.16,15.04.16,1916,202800,528100,59,0.29,,,,,2,270,0,0.51
17,330,16.04.16,22.04.16,1916,202800,528100,39,0.19,,,,,4,221,0.01,0.42
18,331,23.04.16,29.04.16,1916,202800,528100,49,0.24,,,,,2,225,0,0.43
19,332,30.04.16,06.05.16,1916,202800,528100,74,0.36,,,,,1,286,0,0.54
20,333,07.05.16,13.05.16,1916,202800,528100,43,0.21,,,,,1,265,0,0.5
21,334,14.05.16,20.05.16,1916,202800,528100,50,0.25,,,,,5,256,0.01,0.48
22,335,21.05.16,27.05.16,1916,202800,528100,38,0.19,,,,,0,159,0,0.3
23,336,28.05.16,03.06.16,1916,202800,528100,55,0.27,,,,,0,177,0,0.34
24,337,04.06.16,10.06.16,1916,202800,528100,50,0.25,,,,,0,192,0,0.36
25,338,11.06.16,17.06.16,1916,202800,528100,43,0.21,,,,,1,236,0,0.45
26,339,18.06.16,24.06.16,1916,202800,528100,39,0.19,,,,,3,273,0.01,0.52
27,340,25.06.16,01.07.16,1916,202800,528100,46,0.23,,,,,4,265,0.01,0.5
28,341,02.07.16,08.07.16,1916,202800,528100,45,0.22,,,,,1,280,0,0.53
29,342,09.07.16,15.07.16,1916,202800,528100,34,0.17,,,,,1,269,0,0.51
30,343,16.07.16,22.07.16,1916,202800,528100,48,0.24,,,,,4,292,0.01,0.55
31,344,23.07.16,29.07.16,1916,202800,528100,44,0.22,,,,,8,264,0.02,0.5
32,345,30.07.16,05.08.16,1916,202800,528100,56,0.28,,,,,0,268,0,0.51
33,346,06.08.16,12.08.16,1916,202800,528100,53,0.26,,,,,0,285,0,0.54
34,347,13.08.16,19.08.16,1916,202800,528100,51,0.25,,,,,1,260,0,0.49
35,348,20.08.16,26.08.16,1916,202800,528100,48,0.24,,,,,0,245,0,0.46
36,349,27.08.16,02.09.16,1916,202800,528100,33,0.16,,,,,1,235,0,0.44
37,350,03.09.16,09.09.16,1916,202800,528100,46,0.23,,,,,1,242,0,0.46
38,351,10.09.16,16.09.16,1916,202800,528100,44,0.22,,,,,2,287,0,0.54
39,352,17.09.16,23.09.16,1916,202800,528100,33,0.16,,,,,1,269,0,0.51
40,353,24.09.16,30.09.16,1916,202800,528100,47,0.23,,,,,2,281,0,0.53
41,354,01.10.16,07.10.16,1916,202800,528100,36,0.18,,,,,1,272,0,0.52
42,355,08.10.16,14.10.16,1916,202800,528100,34,0.17,,,,,2,302,0,0.57
43,356,15.10.16,21.10.16,1916,202800,528100,50,0.25,,,,,2,263,0,0.5
44,357,22.10.16,28.10.16,1916,202800,528100,35,0.17,,,,,2,250,0,0.47
45,358,29.10.16,04.11.16,1916,202800,528100,45,0.22,,,,,1,265,0,0.5
46,359,05.11.16,11.11.16,1916,202800,528100,42,0.21,,,,,1,279,0,0.53
47,360,12.11.16,18.11.16,1916,202800,528100,38,0.19,,,,,4,288,0.01,0.55
48,361,19.11.16,25.11.16,1916,202800,528100,54,0.27,,,,,9,286,0.02,0.54
49,362,26.11.16,02.12.16,1916,202800,528100,46,0.23,,,,,11,289,0.02,0.55
50,363,03.12.16,09.12.16,1916,202800,528100,49,0.24,,,,,8,254,0.02,0.48
51,364,10.12.16,16.12.16,1916,202800,528100,41,0.2,,,,,9,249,0.02,0.47
52,365,17.12.16,23.12.16,1916,202800,528100,57,0.28,,,,,10,254,0.02,0.48
1,366,24.12.16,30.12.16,1916,202800,528100,74,0.36,,,,,6,222,0.01,0.42
2,367,31.12.16,06.01.17,1916,202800,528100,36,0.18,,,,,9,266,0.02,0.5
3,368,07.01.17,13.01.17,1917,210200,530200,66,0.31,,,,,2,308,0,0.58
4,369,14.01.17,20.01.17,1917,210200,530200,60,0.29,,,,,9,318,0.02,0.6
5,370,21.01.17,27.01.17,1917,210200,530200,53,0.25,,,,,15,302,0.03,0.57
6,371,28.01.17,03.02.17,1917,210200,530200,43,0.2,,,,,13,251,0.02,0.47
7,372,04.02.17,10.02.17,1917,210200,530200,73,0.35,,,,,2,272,0,0.51
8,373,11.02.17,17.02.17,1917,210200,530200,91,0.43,,,,,8,272,0.02,0.51
9,374,18.02.17,24.02.17,1917,210200,530200,64,0.3,,,,,7,271,0.01,0.51
10,375,25.02.17,03.03.17,1917,210200,530200,62,0.29,,,,,12,260,0.02,0.49
11,376,04.03.17,10.03.17,1917,210200,530200,63,0.3,,,,,17,231,0.03,0.44
12,377,11.03.17,17.03.17,1917,210200,530200,38,0.18,,,,,7,303,0.01,0.57
13,378,18.03.17,24.03.17,1917,210200,530200,69,0.33,,,,,9,277,0.02,0.52
14,379,25.03.17,31.03.17,1917,210200,530200,58,0.28,,,,,8,292,0.02,0.55
15,380,01.04.17,07.04.17,1917,210200,530200,67,0.32,,,,,1,215,0,0.41
16,381,08.04.17,14.04.17,1917,210200,530200,61,0.29,,,,,0,284,0,0.54
17,382,15.04.17,21.04.17,1917,210200,530200,67,0.32,,,,,3,297,0.01,0.56
18,383,22.04.17,28.04.17,1917,210200,530200,47,0.22,,,,,3,254,0.01,0.48
19,384,29.04.17,05.05.17,1917,210200,530200,69,0.33,,,,,2,297,0,0.56
20,385,06.05.17,12.05.17,1917,210200,530200,61,0.29,,,,,4,347,0.01,0.65
21,386,13.05.17,19.05.17,1917,210200,530200,45,0.21,,,,,0,280,0,0.53
22,387,20.05.17,26.05.17,1917,210200,530200,59,0.28,,,,,0,270,0,0.51
23,388,27.05.17,02.06.17,1917,210200,530200,42,0.2,,,,,0,226,0,0.43
24,389,03.06.17,09.06.17,1917,210200,530200,36,0.17,,,,,2,277,0,0.52
25,390,10.06.17,16.06.17,1917,210200,530200,32,0.15,,,,,2,219,0,0.41
26,391,17.06.17,23.06.17,1917,210200,530200,42,0.2,,,,,3,239,0.01,0.45
27,392,24.06.17,30.06.17,1917,210200,530200,59,0.28,,,,,3,256,0.01,0.48
28,393,01.07.17,07.07.17,1917,210200,530200,33,0.16,,,,,6,227,0.01,0.43
29,394,08.07.17,14.07.17,1917,210200,530200,45,0.21,,,,,5,211,0.01,0.4
30,395,15.07.17,21.07.17,1917,210200,530200,50,0.24,,,,,3,288,0.01,0.54
31,396,22.07.17,28.07.17,1917,210200,530200,45,0.21,,,,,3,298,0.01,0.56
32,397,29.07.17,04.08.17,1917,210200,530200,32,0.15,,,,,0,246,0,0.46
33,398,05.08.17,11.08.17,1917,210200,530200,44,0.21,,,,,4,245,0.01,0.46
34,399,12.08.17,18.08.17,1917,210200,530200,40,0.19,,,,,2,232,0,0.44
35,400,19.08.17,25.08.17,1917,210200,530200,46,0.22,,,,,7,257,0.01,0.48
36,401,26.08.17,01.09.17,1917,210200,530200,43,0.2,,,,,5,291,0.01,0.55
37,402,02.09.17,08.09.17,1917,210200,530200,31,0.15,,,,,1,270,0,0.51
38,403,09.09.17,15.09.17,1917,210200,530200,37,0.18,,,,,4,286,0.01,0.54
39,404,16.09.17,22.09.17,1917,210200,530200,51,0.24,,,,,0,244,0,0.46
40,405,23.09.17,29.09.17,1917,210200,530200,44,0.21,,,,,3,297,0.01,0.56
41,406,30.09.17,06.10.17,1917,210200,530200,37,0.18,,,,,1,273,0,0.51
42,407,07.10.17,13.10.17,1917,210200,530200,41,0.2,,,,,2,223,0,0.42
43,408,14.10.17,20.10.17,1917,210200,530200,38,0.18,,,,,0,245,0,0.46
44,409,21.10.17,27.10.17,1917,210200,530200,42,0.2,,,,,2,253,0,0.48
45,410,28.10.17,03.11.17,1917,210200,530200,49,0.23,,,,,3,240,0.01,0.45
46,411,04.11.17,10.11.17,1917,210200,530200,46,0.22,,,,,3,279,0.01,0.53
47,412,11.11.17,17.11.17,1917,210200,530200,46,0.22,,,,,1,273,0,0.51
48,413,18.11.17,24.11.17,1917,210200,530200,46,0.22,,,,,5,278,0.01,0.52
49,414,25.11.17,01.12.17,1917,210200,530200,49,0.23,,,,,3,266,0.01,0.5
50,415,02.12.17,08.12.17,1917,210200,530200,34,0.16,,,,,0,166,0,0.31
51,416,09.12.17,15.12.17,1917,210200,530200,53,0.25,,,,,0,265,0,0.5
52,417,16.12.17,22.12.17,1917,210200,530200,51,0.24,,,,,4,210,0.01,0.4
1,418,23.12.17,29.12.17,1917,210200,530200,62,0.29,,,,,1,222,0,0.42
2,419,30.12.17,05.01.18,1917,210200,530200,20,0.1,,,,,0,201,0,0.38
3,420,06.01.18,12.01.18,1918,211850,531800,96,0.45,,,,,4,345,0.01,0.65
4,421,13.01.18,19.01.18,1918,211850,531800,45,0.21,,,,,0,336,0,0.63
5,422,20.01.18,26.01.18,1918,211850,531800,52,0.25,,,,,1,316,0,0.59
6,423,27.01.18,02.02.18,1918,211850,531800,50,0.24,,,,,3,365,0.01,0.69
7,424,03.02.18,09.02.18,1918,211850,531800,50,0.24,,,,,11,377,0.02,0.71
8,425,10.02.18,16.02.18,1918,211850,531800,47,0.22,,,,,7,315,0.01,0.59
9,426,17.02.18,23.02.18,1918,211850,531800,54,0.25,,,,,5,345,0.01,0.65
10,427,24.02.18,02.03.18,1918,211850,531800,64,0.3,,,,,5,332,0.01,0.62
11,428,03.03.18,09.03.18,1918,211850,531800,63,0.3,,,,,2,369,0,0.69
12,429,10.03.18,16.03.18,1918,211850,531800,56,0.26,,,,,1,332,0,0.62
13,430,17.03.18,23.03.18,1918,211850,531800,57,0.27,,,,,3,374,0.01,0.7
14,431,24.03.18,30.03.18,1918,211850,531800,62,0.29,,,,,1,260,0,0.49
15,432,31.03.18,06.04.18,1918,211850,531800,42,0.2,,,,,11,324,0.02,0.61
16,433,07.04.18,13.04.18,1918,211850,531800,50,0.24,,,,,1,365,0,0.69
17,434,14.04.18,20.04.18,1918,211850,531800,51,0.24,,,,,3,339,0.01,0.64
18,435,21.04.18,27.04.18,1918,211850,531800,43,0.2,,,,,0,295,0,0.55
19,436,28.04.18,04.05.18,1918,211850,531800,54,0.25,,,,,4,315,0.01,0.59
20,437,05.05.18,11.05.18,1918,211850,531800,40,0.19,,,,,2,326,0,0.61
21,438,12.05.18,18.05.18,1918,211850,531800,71,0.34,,,,,1,308,0,0.58
22,439,19.05.18,25.05.18,1918,211850,531800,51,0.24,,,,,2,303,0,0.57
23,440,26.05.18,01.06.18,1918,211850,531800,42,0.2,,,,,0,293,0,0.55
24,441,02.06.18,08.06.18,1918,211850,531800,55,0.26,,,,,1,354,0,0.67
25,442,09.06.18,15.06.18,1918,211850,531800,39,0.18,,,,,3,321,0.01,0.6
26,443,16.06.18,22.06.18,1918,211850,531800,42,0.2,,,,,1,296,0,0.56
27,444,23.06.18,29.06.18,1918,211850,531800,54,0.25,,,,,4,320,0.01,0.6
28,445,30.06.18,06.07.18,1918,211850,531800,32,0.15,20,0.09,20,0.04,16,331,0.03,0.62
29,446,07.07.18,13.07.18,1918,211850,531800,61,0.29,306.7,1.45,446.1,0.84,84,389,0.16,0.73
30,447,14.07.18,20.07.18,1918,211850,531800,67,0.32,613.4,2.9,892.2,1.68,162,451,0.3,0.85
31,448,21.07.18,27.07.18,1918,211850,531800,69,0.33,1226.8,5.79,1784.4,3.36,121,367,0.23,0.69
32,449,28.07.18,03.08.18,1918,211850,531800,55,0.26,613.4,2.9,892.2,1.68,81,312,0.15,0.59
33,450,04.08.18,10.08.18,1918,211850,531800,54,0.25,306.7,1.45,446.1,0.84,70,282,0.13,0.53
34,451,11.08.18,17.08.18,1918,211850,531800,55,0.26,179,0.84,823,1.55,75,316,0.14,0.59
35,452,18.08.18,24.08.18,1918,211850,531800,59,0.28,392,1.85,1036,1.95,80,327,0.15,0.61
36,453,25.08.18,31.08.18,1918,211850,531800,33,0.16,266,1.26,711,1.34,23,198,0.04,0.37
37,454,01.09.18,07.09.18,1918,211850,531800,46,0.22,302,1.43,647,1.22,52,333,0.1,0.63
38,455,08.09.18,14.09.18,1918,211850,531800,51,0.24,686,3.24,1242.5,2.34,47,298,0.09,0.56
39,456,15.09.18,21.09.18,1918,211850,531800,51,0.24,1070,5.05,1838,3.46,140,432,0.26,0.81
40,457,22.09.18,28.09.18,1918,211850,531800,57,0.27,1051,4.96,1649,3.1,173,429,0.33,0.81
41,458,29.09.18,05.10.18,1918,211850,531800,74,0.35,1766,8.34,3495,6.57,254,502,0.48,0.94
42,459,06.10.18,12.10.18,1918,211850,531800,138,0.65,3151,14.87,6319,11.88,387,621,0.73,1.17
43,460,13.10.18,19.10.18,1918,211850,531800,172,0.81,3678,17.36,9436,17.74,452,618,0.85,1.16
44,461,20.10.18,26.10.18,1918,211850,531800,188,0.89,4761,22.47,13053,24.54,364,511,0.68,0.96
45,462,27.10.18,02.11.18,1918,211850,531800,145,0.68,4294,20.27,9052,17.02,323,533.5,0.61,1
,463,03.11.18,09.11.18,1918,211850,531800,122,0.58,4770,22.52,9596,18.04,282,556,0.53,1.05
46,464,10.11.18,16.11.18,1918,211850,531800,86,0.41,3008,14.2,6358.5,11.96,305,461,0.57,0.87
47,465,17.11.18,23.11.18,1918,211850,531800,71,0.34,1246,5.88,3121,5.87,184,327,0.35,0.61
48,466,24.11.18,30.11.18,1918,211850,531800,61,0.29,1442,6.81,4523,8.51,122,244,0.23,0.46
49,467,01.12.18,07.12.18,1918,211850,531800,99,0.47,1068,5.04,4431,8.33,230,463,0.43,0.87
50,468,08.12.18,14.12.18,1918,211850,531800,98,0.46,979,4.62,3988,7.5,181,364,0.34,0.68
51,469,15.12.18,21.12.18,1918,211850,531800,67,0.32,987,4.66,2642,4.97,78,272,0.15,0.51
1,470,22.12.18,28.12.18,1918,211850,531800,85,0.4,373,1.76,1329,2.5,48,196,0.09,0.37
2,471,29.12.18,04.01.19,1918,211850,531800,68.5,0.32,432,2.04,835,1.57,38,226,0.07,0.42
3,472,05.01.19,11.01.19,1919,210870,533700,78,0.37,206,0.98,768,1.44,42,312,0.08,0.58
4,473,12.01.19,18.01.19,1919,210870,533700,53,0.25,171,0.81,632,1.18,27,270,0.05,0.51
5,474,19.01.19,25.01.19,1919,210870,533700,54,0.26,127,0.6,362,0.68,11,304,0.02,0.57
6,475,26.01.19,01.02.19,1919,210870,533700,59,0.28,177,0.84,384,0.72,123,437,0.23,0.82
7,476,02.02.19,08.02.19,1919,210870,533700,49,0.23,54,0.26,256,0.48,35,314,0.07,0.59
8,477,09.02.19,15.02.19,1919,210870,533700,61,0.29,93,0.44,367,0.69,49,288,0.09,0.54
9,478,16.02.19,22.02.19,1919,210870,533700,62,0.29,212,1.01,508,0.95,42,336,0.08,0.63
10,479,23.02.19,01.03.19,1919,210870,533700,49,0.23,598,2.84,1031,1.93,42,359,0.08,0.67
11,480,02.03.19,08.03.19,1919,210870,533700,51,0.24,202,0.96,610,1.14,44,355,0.08,0.67
12,481,09.03.19,15.03.19,1919,210870,533700,56,0.27,122,0.58,408,0.76,37,348,0.07,0.65
13,482,16.03.19,22.03.19,1919,210870,533700,66,0.31,94,0.45,358,0.67,33,313,0.06,0.59
14,483,23.03.19,29.03.19,1919,210870,533700,60,0.28,170,0.81,502,0.94,33,304,0.06,0.57
15,484,30.03.19,05.04.19,1919,210870,533700,67,0.32,27,0.13,243,0.46,23,306,0.04,0.57
16,485,06.04.19,12.04.19,1919,210870,533700,58,0.28,17,0.08,128,0.24,10,327,0.02,0.61
17,486,13.04.19,19.04.19,1919,210870,533700,64,0.3,130,0.62,223,0.42,2,217,0,0.41
18,487,20.04.19,26.04.19,1919,210870,533700,41,0.19,136,0.64,178,0.33,6,255,0.01,0.48
19,488,27.04.19,03.05.19,1919,210870,533700,52,0.25,8,0.04,30,0.06,7,275,0.01,0.52
20,489,04.05.19,10.05.19,1919,210870,533700,58,0.28,21,0.1,37,0.07,2,277,0,0.52
21,490,11.05.19,17.05.19,1919,210870,533700,45,0.21,17,0.08,36,0.07,1,309,0,0.58
22,491,18.05.19,24.05.19,1919,210870,533700,55,0.26,0,0,7,0.01,4,317,0.01,0.59
23,492,25.05.19,31.05.19,1919,210870,533700,60,0.28,0,0,5,0.01,2,293,0,0.55
24,493,01.06.19,07.06.19,1919,210870,533700,42,0.2,0,0,7,0.01,3,277,0.01,0.52
25,494,08.06.19,14.06.19,1919,210870,533700,48,0.23,13,0.06,20,0.04,1,243,0,0.46
26,495,15.06.19,21.06.19,1919,210870,533700,49,0.23,10,0.05,16,0.03,1,248,0,0.46
27,496,22.06.19,28.06.19,1919,210870,533700,42,0.2,3,0.01,8,0.01,4,301,0.01,0.56
28,497,29.06.19,05.07.19,1919,210870,533700,49,0.23,8,0.04,9,0.02,3,244,0.01,0.46
29,498,06.07.19,12.07.19,1919,210870,533700,56,0.27,4,0.02,18,0.03,2,297,0,0.56
30,499,13.07.19,19.07.19,1919,210870,533700,56,0.27,10,0.05,17,0.03,0,272,0,0.51
31,500,20.07.19,26.07.19,1919,210870,533700,41,0.19,7,0.03,9,0.02,5,254,0.01,0.48
32,501,27.07.19,02.08.19,1919,210870,533700,45,0.21,1,0,6,0.01,9,241,0.02,0.45
33,502,03.08.19,09.08.19,1919,210870,533700,39,0.18,2,0.01,4,0.01,10,288,0.02,0.54
34,503,10.08.19,16.08.19,1919,210870,533700,41,0.19,1,0,4,0.01,2,252,0,0.47
35,504,17.08.19,23.08.19,1919,210870,533700,37,0.18,1,0,4,0.01,5,263,0.01,0.49
36,505,24.08.19,30.08.19,1919,210870,533700,31,0.15,8,0.04,9,0.02,3,262,0.01,0.49
37,506,31.08.19,06.09.19,1919,210870,533700,48,0.23,13,0.06,19,0.04,4,275,0.01,0.52
38,507,07.09.19,13.09.19,1919,210870,533700,34,0.16,5,0.02,5,0.01,1,284,0,0.53
39,508,14.09.19,20.09.19,1919,210870,533700,50,0.24,21,0.1,25,0.05,0,277,0,0.52
40,509,21.09.19,27.09.19,1919,210870,533700,47,0.22,6,0.03,6,0.01,0,303,0,0.57
41,510,28.09.19,04.10.19,1919,210870,533700,37,0.18,13,0.06,13,0.02,5,293,0.01,0.55
42,511,05.10.19,11.10.19,1919,210870,533700,59,0.28,10,0.05,21,0.04,8,336,0.01,0.63
43,512,12.10.19,18.10.19,1919,210870,533700,48,0.23,14,0.07,18,0.03,4,312,0.01,0.58
44,513,19.10.19,25.10.19,1919,210870,533700,50,0.24,8,0.04,8,0.01,3,283,0.01,0.53
45,514,26.10.19,01.11.19,1919,210870,533700,54,0.26,12,0.06,14,0.03,2,310,0,0.58
46,515,02.11.19,08.11.19,1919,210870,533700,66,0.31,4,0.02,6,0.01,4,285,0.01,0.53
47,516,09.11.19,15.11.19,1919,210870,533700,62,0.29,6,0.03,6,0.01,1,293,0,0.55
48,517,16.11.19,22.11.19,1919,210870,533700,42,0.2,7,0.03,7,0.01,1,253,0,0.47
49,518,23.11.19,29.11.19,1919,210870,533700,52,0.25,10,0.05,11,0.02,3,291,0.01,0.55
50,519,30.11.19,06.12.19,1919,210870,533700,54,0.26,3,0.01,4,0.01,1,314,0,0.59
51,520,07.12.19,13.12.19,1919,210870,533700,42,0.2,3,0.01,3,0.01,4,288,0.01,0.54
52,521,14.12.19,20.12.19,1919,210870,533700,63,0.3,,0,,0,1,178,0,0.33
1,522,21.12.19,27.12.19,1919,210870,533700,59,0.28,1,0,1,0,3,181,0.01,0.34
2,523,28.12.19,03.01.20,1919,210870,533700,62,0.29,4,0.02,4,0.01,5,210,0.01,0.39
3,524,04.01.20,10.01.20,1920,207300,536900,53,0.26,8,0.04,8,0.01,8,382,0.01,0.71
4,525,11.01.20,17.01.20,1920,207300,536900,45,0.22,7,0.03,9,0.02,6,347,0.01,0.65
5,526,18.01.20,24.01.20,1920,207300,536900,52,0.25,80,0.39,92,0.17,23,401,0.04,0.75
6,527,25.01.20,31.01.20,1920,207300,536900,59,0.28,484,2.33,541,1.01,76,384,0.14,0.72
7,528,01.02.20,07.02.20,1920,207300,536900,68,0.33,980,4.73,1863,3.47,158,451,0.29,0.84
8,529,08.02.20,14.02.20,1920,207300,536900,102,0.49,1699,8.2,3722,6.93,286,554,0.53,1.03
9,530,15.02.20,21.02.20,1920,207300,536900,137,0.66,3762,18.15,7101,13.23,211,481,0.39,0.9
10,531,22.02.20,28.02.20,1920,207300,536900,121,0.58,1671,8.06,5803,10.81,140,379,0.26,0.71
11,532,29.02.20,06.03.20,1920,207300,536900,105,0.51,1726,8.33,3565,6.64,79,343,0.15,0.64
12,533,07.03.20,13.03.20,1920,207300,536900,89,0.43,1060.5,5.12,2381,4.43,84,374,0.16,0.7
13,534,14.03.20,20.03.20,1920,207300,536900,54,0.26,395,1.91,1053,1.96,31,327,0.06,0.61
14,535,21.03.20,27.03.20,1920,207300,536900,53,0.26,202,0.97,484,0.9,34,319,0.06,0.59
15,536,28.03.20,03.04.20,1920,207300,536900,52,0.25,74,0.36,187,0.35,22,268,0.04,0.5
16,537,04.04.20,10.04.20,1920,207300,536900,69,0.33,14,0.07,73,0.14,10,326,0.02,0.61
17,538,11.04.20,17.04.20,1920,207300,536900,58,0.28,2,0.01,10,0.02,8,349,0.01,0.65
18,539,18.04.20,24.04.20,1920,207300,536900,58,0.28,,0,,0,8,306,0.01,0.57
19,540,25.04.20,01.05.20,1920,207300,536900,42,0.2,4,0.02,7,0.01,3,314,0.01,0.58
20,541,02.05.20,08.05.20,1920,207300,536900,60,0.29,10,0.05,10,0.02,5,308,0.01,0.57
21,542,09.05.20,15.05.20,1920,207300,536900,46,0.22,14,0.07,16,0.03,4,310,0.01,0.58
22,543,16.05.20,22.05.20,1920,207300,536900,57,0.27,8,0.04,9,0.02,3,208,0.01,0.39
23,544,23.05.20,29.05.20,1920,207300,536900,51,0.25,,0,,0,3,274,0.01,0.51
24,545,30.05.20,05.06.20,1920,207300,536900,47,0.23,2,0.01,4,0.01,3,313,0.01,0.58
25,546,06.06.20,12.06.20,1920,207300,536900,46,0.22,3,0.01,6,0.01,4,300,0.01,0.56
26,547,13.06.20,19.06.20,1920,207300,536900,43,0.21,3,0.01,4,0.01,10,303,0.02,0.56
27,548,20.06.20,26.06.20,1920,207300,536900,53,0.26,,0,8,0.01,2,293,0,0.55
28,549,27.06.20,03.07.20,1920,207300,536900,56,0.27,,0,,0,6,318,0.01,0.59
29,550,04.07.20,10.07.20,1920,207300,536900,42,0.2,0,0,2,0,3,329,0.01,0.61
30,551,11.07.20,17.07.20,1920,207300,536900,56,0.27,,0,,0,5,351,0.01,0.65
31,552,18.07.20,24.07.20,1920,207300,536900,38,0.18,0,0,1,0,1,319,0,0.59
32,553,25.07.20,31.07.20,1920,207300,536900,39,0.19,1,0,1,0,2,294,0,0.55
33,554,01.08.20,07.08.20,1920,207300,536900,37,0.18,1,0,3,0.01,0,280,0,0.52
34,555,08.08.20,14.08.20,1920,207300,536900,46,0.22,,0,,0,7,310,0.01,0.58
35,556,15.08.20,21.08.20,1920,207300,536900,48,0.23,3,0.01,3,0.01,7,283,0.01,0.53
36,557,22.08.20,28.08.20,1920,207300,536900,37,0.18,,0,,0,8,282,0.01,0.53
37,558,29.08.20,04.09.20,1920,207300,536900,66,0.32,,0,,0,3,263,0.01,0.49
38,559,05.09.20,11.09.20,1920,207300,536900,42,0.2,,0,,0,0,253,0,0.47
39,560,12.09.20,18.09.20,1920,207300,536900,49,0.24,,0,,0,2,321,0,0.6
40,561,19.09.20,25.09.20,1920,207300,536900,56,0.27,,0,,0,2,330,0,0.61
41,562,26.09.20,02.10.20,1920,207300,536900,32,0.15,1,0,1,0,3,318,0.01,0.59
42,563,03.10.20,09.10.20,1920,207300,536900,44,0.21,1,0,1,0,2,307,0,0.57
43,564,10.10.20,16.10.20,1920,207300,536900,34,0.16,1,0,3,0.01,2,325,0,0.61
44,565,17.10.20,23.10.20,1920,207300,536900,56,0.27,1,0,1,0,1,191,0,0.36
45,566,24.10.20,30.10.20,1920,207300,536900,55,0.27,,0,,0,2,200,0,0.37
46,567,31.10.20,06.11.20,1920,207300,536900,51,0.25,4,0.02,4,0.01,1,188,0,0.35
47,568,07.11.20,13.11.20,1920,207300,536900,33,0.16,2,0.01,2,0,0,307,0,0.57
48,569,14.11.20,20.11.20,1920,207300,536900,47,0.23,1,0,1,0,1,301,0,0.56
49,570,21.11.20,27.11.20,1920,207300,536900,52,0.25,2,0.01,3,0.01,2,290,0,0.54
50,571,28.11.20,04.12.20,1920,207300,536900,48,0.23,0,0,13,0.02,1,314,0,0.58
51,572,05.12.20,11.12.20,1920,207300,536900,62,0.3,,0,,0,6,278,0.01,0.52
52,573,12.12.20,18.12.20,1920,207300,536900,52,0.25,3,0.01,3,0.01,4,290,0.01,0.54
1,574,19.12.20,25.12.20,1920,207300,536900,47,0.23,3,0.01,4,0.01,0,240,0,0.45
2,575,26.12.20,01.01.21,1920,207300,536900,54,0.26,2,0.01,2,0,1,221,0,0.41
3,576,02.01.21,08.01.21,1921,202500,537000,63,0.31,4,0.02,4,0.01,0,366,0,0.68
4,577,09.01.21,15.01.21,1921,202500,537000,53,0.26,6,0.03,11,0.02,8,333,0.01,0.62
5,578,16.01.21,22.01.21,1921,202500,537000,54,0.27,1,0,7,0.01,2,328,0,0.61
6,579,23.01.21,29.01.21,1921,202500,537000,59,0.29,6,0.03,13,0.02,3,312,0.01,0.58
7,580,30.01.21,05.02.21,1921,202500,537000,42,0.21,1,0,5,0.01,3,321,0.01,0.6
8,581,06.02.21,12.02.21,1921,202500,537000,51,0.25,,0,,0,2,270,0,0.5
9,582,13.02.21,19.02.21,1921,202500,537000,56,0.28,,0,,0,1,346,0,0.64
10,583,20.02.21,26.02.21,1921,202500,537000,63,0.31,3,0.01,3,0.01,16,279,0.03,0.52
11,584,27.02.21,05.03.21,1921,202500,537000,60,0.3,1,0,1,0,1,315,0,0.59
12,585,06.03.21,12.03.21,1921,202500,537000,63,0.31,1,0,1,0,1,283,0,0.53
13,586,13.03.21,19.03.21,1921,202500,537000,58,0.29,1,0,1,0,1,225,0,0.42
14,587,20.03.21,26.03.21,1921,202500,537000,54,0.27,2,0.01,2,0,1,268,0,0.5
15,588,27.03.21,02.04.21,1921,202500,537000,53,0.26,0,0,15,0.03,0,316,0,0.59
16,589,03.04.21,09.04.21,1921,202500,537000,42,0.21,,0,,0,0,215,0,0.4
17,590,10.04.21,16.04.21,1921,202500,537000,47,0.23,3,0.01,3,0.01,1,322,0,0.6
18,591,17.04.21,23.04.21,1921,202500,537000,50,0.25,9,0.04,9,0.02,0,201,0,0.37
19,592,24.04.21,30.04.21,1921,202500,537000,49,0.24,7,0.03,10,0.02,3,352,0.01,0.66
20,593,01.05.21,07.05.21,1921,202500,537000,44,0.22,5,0.02,5,0.01,0,199,0,0.37
21,594,08.05.21,14.05.21,1921,202500,537000,45,0.22,3,0.01,3,0.01,1,309,0,0.58
22,595,15.05.21,21.05.21,1921,202500,537000,52,0.26,2,0.01,7,0.01,5,327,0.01,0.61
23,596,22.05.21,28.05.21,1921,202500,537000,34,0.17,2,0.01,3,0.01,0,289,0,0.54
24,597,29.05.21,04.06.21,1921,202500,537000,47,0.23,,0,,0,1,320,0,0.6
25,598,05.06.21,11.06.21,1921,202500,537000,52,0.26,,0,,0,3,303,0.01,0.56
26,599,12.06.21,18.06.21,1921,202500,537000,42,0.21,,0,,0,1,291,0,0.54
27,600,19.06.21,25.06.21,1921,202500,537000,45,0.22,,0,,0,2,288,0,0.54
28,601,26.06.21,02.07.21,1921,202500,537000,40,0.2,,0,,0,2,275,0,0.51
29,602,03.07.21,09.07.21,1921,202500,537000,42,0.21,,0,,0,4,324,0.01,0.6
30,603,10.07.21,16.07.21,1921,202500,537000,33,0.16,,0,,0,2,282,0,0.53
31,604,17.07.21,23.07.21,1921,202500,537000,52,0.26,,0,,0,2,213,0,0.4
32,605,24.07.21,30.07.21,1921,202500,537000,42,0.21,,0,,0,1,256,0,0.48
33,606,31.07.21,06.08.21,1921,202500,537000,39,0.19,,0,,0,0,251,0,0.47
34,607,07.08.21,13.08.21,1921,202500,537000,42,0.21,,0,,0,1,251,0,0.47
35,608,14.08.21,20.08.21,1921,202500,537000,42,0.21,,0,,0,7,282,0.01,0.53
36,609,21.08.21,27.08.21,1921,202500,537000,31,0.15,,0,,0,1,306,0,0.57
37,610,28.08.21,03.09.21,1921,202500,537000,29,0.14,,0,,0,1,264,0,0.49
38,611,04.09.21,10.09.21,1921,202500,537000,37,0.18,,0,,0,3,313,0.01,0.58
39,612,11.09.21,17.09.21,1921,202500,537000,43,0.21,1,0,1,0,0,284,0,0.53
40,613,18.09.21,24.09.21,1921,202500,537000,32,0.16,,0,,0,3,306,0.01,0.57
41,614,25.09.21,01.10.21,1921,202500,537000,40,0.2,,0,,0,5,317,0.01,0.59
42,615,02.10.21,08.10.21,1921,202500,537000,58,0.29,,0,,0,3,263,0.01,0.49
43,616,09.10.21,15.10.21,1921,202500,537000,58,0.29,0,0,1,0,7,351,0.01,0.65
44,617,16.10.21,22.10.21,1921,202500,537000,42,0.21,,0,,0,10,293,0.02,0.55
45,618,23.10.21,29.10.21,1921,202500,537000,42,0.21,1,0,1,0,2,336,0,0.63
46,619,30.10.21,05.11.21,1921,202500,537000,49,0.24,1,0,1,0,1,289,0,0.54
47,620,06.11.21,12.11.21,1921,202500,537000,42,0.21,,0,,0,2,302,0,0.56
48,621,13.11.21,19.11.21,1921,202500,537000,41,0.2,,0,,0,4,325,0.01,0.61
49,622,20.11.21,26.11.21,1921,202500,537000,55,0.27,,0,,0,1,263,0,0.49
50,623,27.11.21,03.12.21,1921,202500,537000,50,0.25,,0,,0,0,286,0,0.53
51,624,04.12.21,10.12.21,1921,202500,537000,48,0.24,,0,,0,3,301,0.01,0.56
52,625,11.12.21,17.12.21,1921,202500,537000,52,0.26,1,0,1,0,3,204,0.01,0.38
1,626,18.12.21,24.12.21,1921,202500,537000,73,0.36,2,0.01,11,0.02,9,247,0.02,0.46
2,627,25.12.21,31.12.21,1921,202500,537000,68,0.34,43,0.21,52,0.1,9,239,0.02,0.45
3,628,01.01.22,07.01.22,1922,199800,537000,48,0.24,93,0.47,130,0.24,12,347,0.02,0.65
4,629,08.01.22,14.01.22,1922,199800,537000,53,0.27,243,1.22,420,0.78,47,422,0.09,0.79
5,630,15.01.22,21.01.22,1922,199800,537000,74,0.37,657,3.29,1167,2.17,63,389,0.12,0.72
6,631,22.01.22,28.01.22,1922,199800,537000,66,0.33,1044,5.23,1896,3.53,59,392,0.11,0.73
7,632,29.01.22,04.02.22,1922,199800,537000,82,0.41,820,4.1,1846,3.44,57,384,0.11,0.72
8,633,05.02.22,11.02.22,1922,199800,537000,71,0.36,767,3.84,1765,3.29,48,336,0.09,0.63
9,634,12.02.22,18.02.22,1922,199800,537000,85,0.43,465,2.33,910,1.69,22,328,0.04,0.61
10,635,19.02.22,25.02.22,1922,199800,537000,52,0.26,604,3.02,970,1.81,12,370,0.02,0.69
11,636,26.02.22,04.03.22,1922,199800,537000,51,0.26,95,0.48,383,0.71,7,288,0.01,0.54
12,637,05.03.22,11.03.22,1922,199800,537000,53,0.27,62,0.31,127,0.24,8,337,0.01,0.63
13,638,12.03.22,18.03.22,1922,199800,537000,61,0.31,63,0.32,71,0.13,4,336,0.01,0.63
14,639,19.03.22,25.03.22,1922,199800,537000,52,0.26,14,0.07,14,0.03,1,314,0,0.58
15,640,26.03.22,01.04.22,1922,199800,537000,61,0.31,3,0.02,3,0.01,2,273,0,0.51
16,641,02.04.22,08.04.22,1922,199800,537000,49,0.25,24,0.12,24,0.04,0,333,0,0.62
17,642,09.04.22,15.04.22,1922,199800,537000,49,0.25,4,0.02,4,0.01,2,258,0,0.48
18,643,16.04.22,22.04.22,1922,199800,537000,51,0.26,1,0.01,1,0,8,312,0.01,0.58
19,644,23.04.22,29.04.22,1922,199800,537000,39,0.2,0,0,1,0,1,305,0,0.57
20,645,30.04.22,06.05.22,1922,199800,537000,49,0.25,1,0.01,1,0,0,290,0,0.54
21,646,07.05.22,13.05.22,1922,199800,537000,55,0.28,3,0.02,3,0.01,9,400,0.02,0.74
22,647,14.05.22,20.05.22,1922,199800,537000,45,0.23,2,0.01,2,0,0,272,0,0.51
23,648,21.05.22,27.05.22,1922,199800,537000,61,0.31,,0,,0,0,273,0,0.51
24,649,28.05.22,03.06.22,1922,199800,537000,48,0.24,,0,,0,1,280,0,0.52
25,650,04.06.22,10.06.22,1922,199800,537000,44,0.22,,0,,0,1,279,0,0.52
26,651,11.06.22,17.06.22,1922,199800,537000,43,0.22,,0,,0,0,269,0,0.5
27,652,18.06.22,24.06.22,1922,199800,537000,42,0.21,,0,,0,2,334,0,0.62
28,653,25.06.22,01.07.22,1922,199800,537000,42,0.21,,0,,0,1,301,0,0.56
29,654,02.07.22,08.07.22,1922,199800,537000,60,0.3,,0,,0,4,316,0.01,0.59
30,655,09.07.22,15.07.22,1922,199800,537000,31,0.16,,0,,0,2,310,0,0.58
31,656,16.07.22,22.07.22,1922,199800,537000,40,0.2,,0,,0,0,293,0,0.55
32,657,23.07.22,29.07.22,1922,199800,537000,40,0.2,,0,,0,3,274,0.01,0.51
33,658,30.07.22,05.08.22,1922,199800,537000,31,0.16,,0,,0,2,312,0,0.58
34,659,06.08.22,12.08.22,1922,199800,537000,51,0.26,,0,,0,3,285,0.01,0.53
35,660,13.08.22,19.08.22,1922,199800,537000,44,0.22,,0,,0,1,280,0,0.52
36,661,20.08.22,26.08.22,1922,199800,537000,45,0.23,,0,,0,6,292,0.01,0.54
37,662,27.08.22,02.09.22,1922,199800,537000,32,0.16,,0,,0,5,281,0.01,0.52
38,663,03.09.22,09.09.22,1922,199800,537000,50,0.25,0,0,1,0,2,291,0,0.54
39,664,10.09.22,16.09.22,1922,199800,537000,32,0.16,,0,,0,6,307,0.01,0.57
40,665,17.09.22,23.09.22,1922,199800,537000,33,0.17,,0,,0,7,278,0.01,0.52
41,666,24.09.22,30.09.22,1922,199800,537000,50,0.25,,0,,0,1,310,0,0.58
42,667,01.10.22,07.10.22,1922,199800,537000,41,0.21,,0,,0,1,304,0,0.57
43,668,08.10.22,14.10.22,1922,199800,537000,37,0.19,,0,,0,3,324,0.01,0.6
44,669,15.10.22,21.10.22,1922,199800,537000,42,0.21,,0,,0,6,307,0.01,0.57
45,670,22.10.22,28.10.22,1922,199800,537000,28,0.14,,0,,0,3,309,0.01,0.58
46,671,29.10.22,04.11.22,1922,199800,537000,45,0.23,,0,,0,0,314,0,0.58
47,672,05.11.22,11.11.22,1922,199800,537000,48,0.24,,0,,0,8,341,0.01,0.64
48,673,12.11.22,18.11.22,1922,199800,537000,49,0.25,3,0.02,3,0.01,0,277,0,0.52
49,674,19.11.22,25.11.22,1922,199800,537000,48,0.24,2,0.01,1,0,5,305,0.01,0.57
50,675,26.11.22,02.12.22,1922,199800,537000,49,0.25,,0,,0,4,321,0.01,0.6
51,676,03.12.22,09.12.22,1922,199800,537000,33,0.17,2,0.01,2,0,6,316,0.01,0.59
52,677,10.12.22,16.12.22,1922,199800,537000,44,0.22,,0,,0,6,300,0.01,0.56
1,678,17.12.22,23.12.22,1922,199800,537000,57,0.29,,0,,0,4,234,0.01,0.44
2,679,24.12.22,30.12.22,1922,199800,537000,59,0.3,3,0.02,3,0.01,0,229,0,0.43
3,680,31.12.22,06.01.23,1922,199800,537000,42,0.21,1,0.01,1,0,4,284,0.01,0.53
4,681,07.01.23,13.01.23,1923,202100,541000,58,0.29,,0,,0,2,333,0,0.62
5,682,14.01.23,20.01.23,1923,202100,541000,50,0.25,1,0,1,0,8,303,0.01,0.56
6,683,21.01.23,27.01.23,1923,202100,541000,41,0.2,6,0.03,7,0.01,2,331,0,0.61
7,684,28.01.23,03.02.23,1923,202100,541000,60,0.3,,0,,0,4,300,0.01,0.55
8,685,04.02.23,10.02.23,1923,202100,541000,44,0.22,1,0,1,0,5,285,0.01,0.53
9,686,11.02.23,17.02.23,1923,202100,541000,35,0.17,,0,,0,0,287,0,0.53
10,687,18.02.23,24.02.23,1923,202100,541000,58,0.29,3,0.01,9,0.02,4,294,0.01,0.54
11,688,25.02.23,03.03.23,1923,202100,541000,51,0.25,5,0.02,13,0.02,8,337,0.01,0.62
12,689,04.03.23,10.03.23,1923,202100,541000,42,0.21,2,0.01,16,0.03,3,308,0.01,0.57
13,690,11.03.23,17.03.23,1923,202100,541000,56,0.28,2,0.01,14,0.03,1,300,0,0.55
14,691,18.03.23,24.03.23,1923,202100,541000,56,0.28,9,0.04,24,0.04,5,272,0.01,0.5
15,692,25.03.23,31.03.23,1923,202100,541000,56,0.28,6,0.03,6,0.01,3,231,0.01,0.43
16,693,01.04.23,07.04.23,1923,202100,541000,57,0.28,9,0.04,9,0.02,11,340,0.02,0.63
17,694,08.04.23,14.04.23,1923,202100,541000,50,0.25,12,0.06,13,0.02,23,377,0.04,0.7
18,695,15.04.23,21.04.23,1923,202100,541000,46,0.23,5,0.02,5,0.01,11,313,0.02,0.58
19,696,22.04.23,28.04.23,1923,202100,541000,46,0.23,4,0.02,4,0.01,13,338,0.02,0.62
20,697,29.04.23,05.05.23,1923,202100,541000,56,0.28,3,0.01,9,0.02,8,360,0.01,0.67
21,698,06.05.23,12.05.23,1923,202100,541000,37,0.18,,0,,0,3,268,0.01,0.5
22,699,13.05.23,19.05.23,1923,202100,541000,48,0.24,4,0.02,4,0.01,3,304,0.01,0.56
23,700,20.05.23,26.05.23,1923,202100,541000,55,0.27,1,0,1,0,7,260,0.01,0.48
24,701,27.05.23,02.06.23,1923,202100,541000,51,0.25,1,0,1,0,3,298,0.01,0.55
25,702,03.06.23,09.06.23,1923,202100,541000,44,0.22,1,0,1,0,5,300,0.01,0.55
26,703,10.06.23,16.06.23,1923,202100,541000,51,0.25,1,0,1,0,6,256,0.01,0.47
27,704,17.06.23,23.06.23,1923,202100,541000,48,0.24,1,0,1,0,8,341,0.01,0.63
28,705,24.06.23,30.06.23,1923,202100,541000,47,0.23,,0,,0,4,348,0.01,0.64
29,706,01.07.23,07.07.23,1923,202100,541000,43,0.21,,0,,0,5,297,0.01,0.55
30,707,08.07.23,14.07.23,1923,202100,541000,48,0.24,,0,,0,11,336,0.02,0.62
31,708,15.07.23,21.07.23,1923,202100,541000,53,0.26,,0,,0,5,327,0.01,0.6
32,709,22.07.23,28.07.23,1923,202100,541000,34,0.17,,0,,0,3,290,0.01,0.54
33,710,29.07.23,04.08.23,1923,202100,541000,40,0.2,0,0,3,0.01,7,282,0.01,0.52
34,711,05.08.23,11.08.23,1923,202100,541000,47,0.23,,0,,0,3,291,0.01,0.54
35,712,12.08.23,18.08.23,1923,202100,541000,42,0.21,,0,,0,2,301,0,0.56
36,713,19.08.23,25.08.23,1923,202100,541000,30,0.15,,0,,0,7,335,0.01,0.62
37,714,26.08.23,01.09.23,1923,202100,541000,36,0.18,,0,,0,8,290,0.01,0.54
38,715,02.09.23,08.09.23,1923,202100,541000,31,0.15,0,0,2,0,12,376,0.02,0.7
39,716,09.09.23,15.09.23,1923,202100,541000,37,0.18,,0,,0,4,321,0.01,0.59
40,717,16.09.23,22.09.23,1923,202100,541000,42,0.21,,0,,0,12,310,0.02,0.57
41,718,23.09.23,29.09.23,1923,202100,541000,45,0.22,,0,,0,4,300,0.01,0.55
42,719,30.09.23,06.10.23,1923,202100,541000,35,0.17,,0,,0,4,343,0.01,0.63
43,720,07.10.23,13.10.23,1923,202100,541000,56,0.28,,0,,0,5,321,0.01,0.59
44,721,14.10.23,20.10.23,1923,202100,541000,36,0.18,,0,,0,2,279,0,0.52
45,722,21.10.23,27.10.23,1923,202100,541000,44,0.22,0,0,1,0,1,333,0,0.62
46,723,28.10.23,03.11.23,1923,202100,541000,34,0.17,1,0,1,0,8,318,0.01,0.59
47,724,04.11.23,10.11.23,1923,202100,541000,41,0.2,,0,,0,13,327,0.02,0.6
48,725,11.11.23,17.11.23,1923,202100,541000,42,0.21,0,0,1,0,4,312,0.01,0.58
49,726,18.11.23,24.11.23,1923,202100,541000,52,0.26,0,0,20,0.04,2,292,0,0.54
50,727,25.11.23,01.12.23,1923,202100,541000,64,0.32,,0,,0,9,304,0.02,0.56
51,728,02.12.23,08.12.23,1923,202100,541000,42,0.21,1,0,1,0,5,306,0.01,0.57
52,729,09.12.23,15.12.23,1923,202100,541000,52,0.26,2,0.01,2,0,5,303,0.01,0.56
1,730,16.12.23,22.12.23,1923,202100,541000,42,0.21,,0,,0,9,247,0.02,0.46
2,731,23.12.23,29.12.23,1923,202100,541000,45,0.22,,0,,0,6,215,0.01,0.4
3,732,30.12.23,05.01.24,1923,202100,541000,45,0.22,,0,,0,9,281,0.02,0.52
4,733,06.01.24,12.01.24,1924,205900,545000,60,0.29,,0,,0,9,406,0.02,0.74
5,734,13.01.24,19.01.24,1924,205900,545000,51.5,0.25,1,0,1,0,17,392,0.03,0.72
6,735,20.01.24,26.01.24,1924,205900,545000,43,0.21,87,0.42,88,0.16,25,378,0.05,0.69
7,736,27.01.24,02.02.24,1924,205900,545000,80,0.39,182,0.88,320,0.59,32,381,0.06,0.7
8,737,03.02.24,09.02.24,1924,205900,545000,56,0.27,823,4,1013,1.86,31,398,0.06,0.73
9,738,10.02.24,16.02.24,1924,205900,545000,70,0.34,1116,5.42,1444,2.65,41,423,0.08,0.78
10,739,17.02.24,23.02.24,1924,205900,545000,58,0.28,741,3.6,1125,2.06,36,390,0.07,0.72
11,740,24.02.24,01.03.24,1924,205900,545000,79,0.38,310,1.51,474,0.87,26,355,0.05,0.65
12,741,02.03.24,08.03.24,1924,205900,545000,58,0.28,259,1.26,405,0.74,38,397,0.07,0.73
13,742,09.03.24,15.03.24,1924,205900,545000,57,0.28,86,0.42,152,0.28,28,390,0.05,0.72
14,743,16.03.24,22.03.24,1924,205900,545000,64,0.31,58,0.28,104,0.19,24,339,0.04,0.62
15,744,23.03.24,29.03.24,1924,205900,545000,68,0.33,201,0.98,282,0.52,14,366,0.03,0.67
16,745,30.03.24,05.04.24,1924,205900,545000,62,0.3,81,0.39,109,0.2,19,362,0.03,0.66
17,746,06.04.24,12.04.24,1924,205900,545000,59,0.29,91,0.44,112,0.21,18,336,0.03,0.62
18,747,13.04.24,19.04.24,1924,205900,545000,52,0.25,47,0.23,50,0.09,10,254,0.02,0.47
19,748,20.04.24,26.04.24,1924,205900,545000,67,0.33,21,0.1,21,0.04,5,327,0.01,0.6
20,749,27.04.24,03.05.24,1924,205900,545000,47,0.23,10,0.05,10,0.02,10,369,0.02,0.68
21,750,04.05.24,10.05.24,1924,205900,545000,51,0.25,29,0.14,29,0.05,1,366,0,0.67
22,751,11.05.24,17.05.24,1924,205900,545000,54,0.26,,0,,0,1,325,0,0.6
23,752,18.05.24,24.05.24,1924,205900,545000,47,0.23,0,0,1,0,7,325,0.01,0.6
24,753,25.05.24,31.05.24,1924,205900,545000,55,0.27,,0,,0,6,329,0.01,0.6
25,754,01.06.24,07.06.24,1924,205900,545000,53,0.26,,0,,0,6,314,0.01,0.58
26,755,08.06.24,14.06.24,1924,205900,545000,39,0.19,1,0,1,0,2,312,0,0.57
27,756,15.06.24,21.06.24,1924,205900,545000,38,0.18,1,0,1,0,1,259,0,0.48
28,757,22.06.24,28.06.24,1924,205900,545000,45,0.22,,0,,0,6,338,0.01,0.62
29,758,29.06.24,05.07.24,1924,205900,545000,49,0.24,,0,,0,6,353,0.01,0.65
30,759,06.07.24,12.07.24,1924,205900,545000,40,0.19,2,0.01,2,0,8,345,0.01,0.63
31,760,13.07.24,19.07.24,1924,205900,545000,32,0.16,,0,,0,8,323,0.01,0.59
32,761,20.07.24,26.07.24,1924,205900,545000,43,0.21,,0,,0,3,318,0.01,0.58
33,762,27.07.24,02.08.24,1924,205900,545000,43,0.21,,0,,0,8,289,0.01,0.53
34,763,03.08.24,09.08.24,1924,205900,545000,45,0.22,,0,,0,9,333,0.02,0.61
35,764,10.08.24,16.08.24,1924,205900,545000,39,0.19,,0,,0,6,362,0.01,0.66
36,765,17.08.24,23.08.24,1924,205900,545000,43,0.21,,0,,0,7,329,0.01,0.6
37,766,24.08.24,30.08.24,1924,205900,545000,44,0.21,,0,,0,10,303,0.02,0.56
38,767,31.08.24,06.09.24,1924,205900,545000,51,0.25,,0,,0,12,345,0.02,0.63
39,768,07.09.24,13.09.24,1924,205900,545000,37,0.18,,0,,0,2,329,0,0.6
40,769,14.09.24,20.09.24,1924,205900,545000,43,0.21,,0,,0,6,346,0.01,0.63
41,770,21.09.24,27.09.24,1924,205900,545000,43,0.21,,0,,0,2,292,0,0.54
42,771,28.09.24,04.10.24,1924,205900,545000,38,0.18,1,0,1,0,5,345,0.01,0.63
43,772,05.10.24,11.10.24,1924,205900,545000,43,0.21,1,0,1,0,8,360,0.01,0.66
44,773,12.10.24,18.10.24,1924,205900,545000,45,0.22,,0,,0,6,295,0.01,0.54
45,774,19.10.24,25.10.24,1924,205900,545000,40,0.19,,0,,0,10,401,0.02,0.74
46,775,26.10.24,01.11.24,1924,205900,545000,50,0.24,,0,,0,2,322,0,0.59
47,776,02.11.24,08.11.24,1924,205900,545000,42,0.2,,0,,0,7,316,0.01,0.58
48,777,09.11.24,15.11.24,1924,205900,545000,40,0.19,,0,,0,4,318,0.01,0.58
49,778,16.11.24,22.11.24,1924,205900,545000,45,0.22,,0,,0,2,310,0,0.57
50,779,23.11.24,29.11.24,1924,205900,545000,62,0.3,,0,,0,9,301,0.02,0.55
51,780,30.11.24,06.12.24,1924,205900,545000,51,0.25,,0,,0,7,320,0.01,0.59
52,781,07.12.24,13.12.24,1924,205900,545000,52,0.25,1,0,1,0,4,303,0.01,0.56
53,782,14.12.24,20.12.24,1924,205900,545000,56,0.27,8,0.04,8,0.01,6,268,0.01,0.49
1,783,21.12.24,27.12.24,1924,205900,545000,45,0.22,,0,,0,6,194,0.01,0.36
2,784,28.12.24,03.01.25,1924,205900,545000,39,0.19,,0,,0,7,271,0.01,0.5
3,785,04.01.25,10.01.25,1925,208000,549000,68,0.33,1,0,2,0,14,386,0.03,0.7
4,786,11.01.25,17.01.25,1925,208000,549000,51,0.25,21,0.1,21,0.04,5,352,0.01,0.64
5,787,18.01.25,24.01.25,1925,208000,549000,38,0.18,,0,,0,7,361,0.01,0.66
6,788,25.01.25,31.01.25,1925,208000,549000,61,0.29,8,0.04,8,0.01,10,391,0.02,0.71
7,789,01.02.25,07.02.25,1925,208000,549000,54,0.26,14,0.07,14,0.03,7,367,0.01,0.67
8,790,08.02.25,14.02.25,1925,208000,549000,58,0.28,2,0.01,2,0,3,358,0.01,0.65
9,791,15.02.25,21.02.25,1925,208000,549000,48,0.23,16,0.08,26,0.05,13,387,0.02,0.7
10,792,22.02.25,28.02.25,1925,208000,549000,56,0.27,17,0.08,20,0.04,5,327,0.01,0.6
11,793,01.03.25,07.03.25,1925,208000,549000,57,0.27,36,0.17,36,0.07,9,389,0.02,0.71
12,794,08.03.25,14.03.25,1925,208000,549000,58,0.28,50,0.24,56,0.1,22,413,0.04,0.75
13,795,15.03.25,21.03.25,1925,208000,549000,51,0.25,67,0.32,75,0.14,4,379,0.01,0.69
14,796,22.03.25,28.03.25,1925,208000,549000,52,0.25,170,0.82,207,0.38,11,357,0.02,0.65
15,797,29.03.25,04.04.25,1925,208000,549000,55,0.26,104,0.5,110,0.2,7,369,0.01,0.67
16,798,05.04.25,11.04.25,1925,208000,549000,60,0.29,38,0.18,39,0.07,6,345,0.01,0.63
17,799,12.04.25,18.04.25,1925,208000,549000,63,0.3,12,0.06,12,0.02,4,379,0.01,0.69
18,800,19.04.25,25.04.25,1925,208000,549000,50,0.24,23,0.11,23,0.04,3,224,0.01,0.41
19,801,26.04.25,02.05.25,1925,208000,549000,52,0.25,1,0,1,0,14,340,0.03,0.62
20,802,03.05.25,09.05.25,1925,208000,549000,48,0.23,3,0.01,4,0.01,11,391,0.02,0.71
21,803,10.05.25,16.05.25,1925,208000,549000,55,0.26,3,0.01,3,0.01,6,384,0.01,0.7
22,804,17.05.25,23.05.25,1925,208000,549000,68,0.33,,0,,0,14,381,0.03,0.69
23,805,24.05.25,30.05.25,1925,208000,549000,44,0.21,1,0,1,0,10,332,0.02,0.6
24,806,31.05.25,06.06.25,1925,208000,549000,46,0.22,,0,,0,3,395,0.01,0.72
25,807,07.06.25,13.06.25,1925,208000,549000,51,0.25,,0,,0,7,386,0.01,0.7
26,808,14.06.25,20.06.25,1925,208000,549000,43,0.21,,0,,0,4,354,0.01,0.64
27,809,21.06.25,27.06.25,1925,208000,549000,36,0.17,,0,,0,3,354,0.01,0.64
28,810,28.06.25,04.07.25,1925,208000,549000,42,0.2,,0,,0,1,347,0,0.63
29,811,05.07.25,11.07.25,1925,208000,549000,34,0.16,,0,,0,10,379,0.02,0.69
30,812,12.07.25,18.07.25,1925,208000,549000,52,0.25,,0,,0,4,333,0.01,0.61
31,813,19.07.25,25.07.25,1925,208000,549000,45,0.22,,0,,0,2,391,0,0.71
32,814,26.07.25,01.08.25,1925,208000,549000,40,0.19,,0,,0,1,352,0,0.64
33,815,02.08.25,08.08.25,1925,208000,549000,38,0.18,,0,,0,6,334,0.01,0.61
34,816,09.08.25,15.08.25,1925,208000,549000,46,0.22,,0,,0,5,335,0.01,0.61
35,817,16.08.25,22.08.25,1925,208000,549000,33,0.16,,0,,0,9,374,0.02,0.68
36,818,23.08.25,29.08.25,1925,208000,549000,50,0.24,,0,,0,3,367,0.01,0.67
37,819,30.08.25,05.09.25,1925,208000,549000,58,0.28,,0,,0,10,400,0.02,0.73
38,820,06.09.25,12.09.25,1925,208000,549000,46,0.22,,0,,0,12,472,0.02,0.86
39,821,13.09.25,19.09.25,1925,208000,549000,42,0.2,,0,,0,8,345,0.01,0.63
40,822,20.09.25,26.09.25,1925,208000,549000,42,0.2,2,0.01,2,0,5,361,0.01,0.66
41,823,27.09.25,03.10.25,1925,208000,549000,48,0.23,1,0,1,0,8,364,0.01,0.66
42,824,04.10.25,10.10.25,1925,208000,549000,45,0.22,,0,,0,3,408,0.01,0.74
43,825,11.10.25,17.10.25,1925,208000,549000,50,0.24,3,0.01,3,0.01,5,334,0.01,0.61
44,826,18.10.25,24.10.25,1925,208000,549000,53,0.25,,0,,0,0,362,0,0.66
45,827,25.10.25,31.10.25,1925,208000,549000,48.5,0.23,,0,,0,3,360.5,0.01,0.66
46,828,01.11.25,07.11.25,1925,208000,549000,44,0.21,,0,,0,6,359,0.01,0.65
47,829,08.11.25,14.11.25,1925,208000,549000,49,0.24,1,0,1,0,3,368,0.01,0.67
48,830,15.11.25,21.11.25,1925,208000,549000,45,0.22,,0,,0,2,383,0,0.7
49,831,22.11.25,28.11.25,1925,208000,549000,58,0.28,,0,,0,0,327,0,0.6
50,832,29.11.25,05.12.25,1925,208000,549000,42,0.2,,0,,0,0,386,0,0.7
51,833,06.12.25,12.12.25,1925,208000,549000,53,0.25,,0,,0,4,351,0.01,0.64
52,834,13.12.25,19.12.25,1925,208000,549000,68,0.33,7,0.03,7,0.01,7,302,0.01,0.55